timestamp millis,GyrX,GyrY,GyrZ,AccX,AccY,AccZ,Complementary_Filter_Angle_Calculated,Complementary_Filter_Angle,Kalman_Filter_Angle
8460.0,1.23,1.19,-1.27,0.09,-0.98,0.12,0.0,-79.65,-81.19
8524.0,1.32,0.39,-1.08,0.07,-0.99,0.12,0.0,-79.74,-81.36
8592.0,1.29,0.49,-1.17,0.08,-0.99,0.14,0.0,-79.76,-81.33
8659.0,1.06,0.53,-1.11,0.09,-0.99,0.14,0.0,-79.73,-81.2
8724.0,1.3,0.21,-0.86,0.1,-0.98,0.14,0.0,-79.68,-81.05
8792.0,1.24,0.35,-0.68,0.07,-1.0,0.14,0.0,-79.7,-81.06
8857.0,1.11,0.69,-0.83,0.07,-0.99,0.15,0.0,-79.68,-80.97
8924.0,1.02,0.57,-0.92,0.09,-0.99,0.15,0.0,-79.64,-80.83
8991.0,1.02,0.55,-0.9,0.09,-0.98,0.13,0.0,-79.65,-80.83
9056.0,1.04,0.2,-0.81,0.08,-0.98,0.15,0.0,-79.61,-80.71
9123.0,1.01,0.18,-0.85,0.08,-0.98,0.14,0.0,-79.62,-80.7
9189.0,1.06,0.18,-0.95,0.07,-0.98,0.15,0.0,-79.62,-80.69
9254.0,1.04,0.18,-0.82,0.09,-0.97,0.16,0.0,-79.55,-80.5
9322.0,0.84,0.43,-0.84,0.07,-0.98,0.16,0.0,-79.53,-80.45
9387.0,0.74,0.54,-0.94,0.08,-0.98,0.15,0.0,-79.53,-80.42
9454.0,0.81,0.59,-0.98,0.08,-0.98,0.16,0.0,-79.49,-80.31
9522.0,0.83,0.47,-0.95,0.08,-0.98,0.15,0.0,-79.48,-80.27
9586.0,0.79,0.59,-0.92,0.08,-0.98,0.15,0.0,-79.47,-80.26
9654.0,0.76,0.96,-0.8,0.08,-0.99,0.15,0.0,-79.49,-80.28
9720.0,0.9,0.52,-0.88,0.07,-0.99,0.14,0.0,-79.53,-80.37
9786.0,0.84,0.27,-0.95,0.08,-0.99,0.16,0.0,-79.48,-80.26
9853.0,0.84,0.18,-0.94,0.1,-0.98,0.15,0.0,-79.45,-80.18
9918.0,0.78,0.69,-1.13,0.06,-0.98,0.15,0.0,-79.51,-80.31
9986.0,0.88,0.5,-1.18,0.11,-0.98,0.15,0.0,-79.46,-80.2
10051.0,0.87,0.09,-0.76,0.09,-0.99,0.15,0.0,-79.42,-80.12
10118.0,0.84,0.27,-0.82,0.07,-0.98,0.14,0.0,-79.48,-80.25
10185.0,0.9,0.39,-0.95,0.07,-0.98,0.15,0.0,-79.5,-80.3
10251.0,0.89,0.7,-0.95,0.09,-0.98,0.14,0.0,-79.5,-80.3
10317.0,0.87,0.6,-0.9,0.08,-0.98,0.14,0.0,-79.52,-80.34
10385.0,0.82,0.61,-0.87,0.07,-0.99,0.14,0.0,-79.55,-80.4
10449.0,0.76,0.5,-0.83,0.08,-0.98,0.14,0.0,-79.56,-80.43
10517.0,0.88,0.2,-0.68,0.07,-0.99,0.15,0.0,-79.58,-80.46
10583.0,0.85,0.18,-0.74,0.07,-0.98,0.14,0.0,-79.63,-80.56
10649.0,0.95,0.12,-0.71,0.07,-0.99,0.15,0.0,-79.64,-80.57
10717.0,0.95,0.24,-0.74,0.07,-0.98,0.15,0.0,-79.66,-80.6
10782.0,0.85,0.56,-0.88,0.06,-0.98,0.15,0.0,-79.68,-80.64
10849.0,0.92,0.42,-0.82,0.07,-0.99,0.15,0.0,-79.7,-80.66
10916.0,0.92,0.34,-0.73,0.07,-0.98,0.14,0.0,-79.73,-80.72
10981.0,0.95,-0.02,-0.58,0.08,-0.97,0.15,0.0,-79.72,-80.67
11048.0,0.91,0.0,-0.5,0.04,-0.99,0.16,0.0,-79.73,-80.69
11114.0,0.95,0.18,-0.83,0.05,-0.98,0.14,0.0,-79.8,-80.84
11181.0,0.87,0.7,-1.21,0.05,-0.99,0.15,0.0,-79.83,-80.88
11248.0,0.89,0.59,-1.18,0.07,-0.98,0.14,0.0,-79.84,-80.88
11314.0,0.84,0.27,-0.95,0.08,-0.98,0.15,0.0,-79.83,-80.81
11380.0,0.89,0.27,-0.88,0.06,-0.99,0.15,0.0,-79.85,-80.85
11448.0,0.92,0.18,-0.88,0.06,-0.99,0.15,0.0,-79.87,-80.88
11511.0,0.92,0.31,-0.95,0.05,-0.99,0.15,0.0,-79.89,-80.91
11579.0,0.87,0.45,-0.9,0.08,-0.98,0.15,0.0,-79.87,-80.83
11645.0,0.88,0.4,-0.89,0.05,-0.98,0.14,0.0,-79.9,-80.88
11711.0,0.85,0.42,-1.04,0.06,-0.98,0.15,0.0,-79.91,-80.88
11780.0,0.85,0.44,-1.06,0.06,-0.98,0.15,0.0,-79.91,-80.86
11845.0,0.82,0.44,-1.05,0.07,-0.98,0.15,0.0,-79.9,-80.8
11911.0,0.83,0.35,-1.03,0.06,-0.99,0.15,0.0,-79.91,-80.83
11979.0,0.89,0.28,-0.96,0.08,-0.99,0.14,0.0,-79.9,-80.79
12043.0,0.84,0.39,-0.9,0.06,-0.99,0.14,0.0,-79.93,-80.83
12110.0,0.83,0.37,-0.92,0.06,-0.99,0.15,0.0,-79.94,-80.84
12177.0,0.85,0.46,-0.92,0.07,-0.98,0.15,0.0,-79.92,-80.77
12242.0,0.87,0.41,-0.91,0.06,-0.99,0.15,0.0,-79.92,-80.77
12311.0,0.89,0.34,-0.92,0.06,-0.99,0.15,0.0,-79.91,-80.76
12377.0,0.85,0.4,-0.97,0.07,-0.99,0.15,0.0,-79.91,-80.73
12443.0,0.86,0.34,-0.91,0.06,-0.98,0.15,0.0,-79.91,-80.74
12511.0,0.87,0.3,-0.92,0.06,-0.99,0.15,0.0,-79.93,-80.77
12574.0,0.85,0.37,-0.93,0.06,-0.98,0.14,0.0,-79.94,-80.79
12643.0,0.93,0.36,-0.98,0.07,-0.99,0.14,0.0,-79.95,-80.8
12708.0,0.97,0.29,-0.94,0.07,-0.99,0.15,0.0,-79.92,-80.74
12775.0,0.86,0.3,-0.89,0.06,-0.98,0.15,0.0,-79.92,-80.75
12843.0,0.89,0.4,-0.93,0.06,-0.99,0.15,0.0,-79.93,-80.76
12908.0,0.86,0.46,-1.02,0.07,-0.98,0.15,0.0,-79.92,-80.73
12975.0,0.73,0.71,-1.02,0.05,-0.99,0.17,0.0,-79.89,-80.64
13042.0,0.64,0.59,-1.24,0.05,-0.99,0.14,0.0,-79.98,-80.84
13106.0,0.91,1.34,-1.77,0.08,-1.0,0.14,0.0,-79.99,-80.84
13174.0,0.92,0.02,-1.15,0.12,-0.97,0.15,0.0,-79.87,-80.55
13240.0,0.99,-0.79,-0.28,0.1,-0.97,0.15,0.0,-79.79,-80.41
13305.0,0.91,0.1,-0.21,0.02,-1.0,0.14,0.0,-79.88,-80.63
13373.0,1.12,-0.26,-0.59,0.07,-0.99,0.13,0.0,-79.92,-80.74
13440.0,0.98,0.15,-1.02,0.03,-0.99,0.14,0.0,-79.97,-80.88
13505.0,0.87,0.42,-1.21,0.08,-0.98,0.15,0.0,-79.95,-80.8
13572.0,0.81,0.34,-1.01,0.06,-0.98,0.15,0.0,-79.96,-80.81
13637.0,0.93,0.49,-0.85,0.08,-0.98,0.14,0.0,-79.94,-80.76
13705.0,1.0,0.74,-0.92,0.05,-0.99,0.15,0.0,-79.95,-80.8
13771.0,0.99,1.03,-1.18,0.07,-0.99,0.14,0.0,-79.95,-80.8
13837.0,0.97,0.82,-1.26,0.06,-0.99,0.14,0.0,-79.97,-80.84
13904.0,0.82,0.95,-1.28,0.09,-0.98,0.15,0.0,-79.91,-80.68
13971.0,0.92,0.02,-0.79,0.1,-0.98,0.15,0.0,-79.84,-80.53
14036.0,0.86,-0.1,-0.51,0.06,-0.99,0.15,0.0,-79.87,-80.61
14103.0,0.87,0.34,-0.94,0.04,-0.99,0.14,0.0,-79.94,-80.78
14169.0,0.85,0.46,-1.18,0.09,-0.98,0.15,0.0,-79.91,-80.7
14236.0,0.85,0.07,-0.73,0.09,-0.98,0.15,0.0,-79.85,-80.55
14303.0,0.72,0.06,-0.63,0.06,-0.98,0.14,0.0,-79.9,-80.65
14368.0,0.79,0.13,-0.76,0.07,-0.98,0.14,0.0,-79.92,-80.7
14436.0,0.82,0.69,-0.98,0.06,-0.98,0.15,0.0,-79.93,-80.72
14501.0,0.88,0.66,-0.95,0.07,-0.98,0.14,0.0,-79.94,-80.74
14568.0,0.83,0.76,-0.85,0.06,-0.99,0.13,0.0,-80.0,-80.88
14633.0,0.92,0.57,-0.84,0.08,-0.98,0.15,0.0,-79.96,-80.77
14700.0,0.94,-0.01,-0.78,0.06,-0.98,0.15,0.0,-79.95,-80.77
14768.0,0.91,0.23,-0.89,0.05,-0.98,0.14,0.0,-79.99,-80.85
14833.0,0.88,0.36,-0.93,0.07,-0.99,0.15,0.0,-79.97,-80.79
14900.0,0.82,0.47,-0.85,0.06,-0.99,0.13,0.0,-80.02,-80.9
14965.0,0.84,0.47,-0.96,0.04,-0.98,0.15,0.0,-80.03,-80.9
15032.0,0.8,0.76,-1.14,0.05,-0.99,0.14,0.0,-80.07,-80.99
15099.0,0.88,0.76,-1.17,0.07,-0.99,0.14,0.0,-80.07,-80.98
15165.0,0.83,0.59,-1.07,0.08,-0.98,0.14,0.0,-80.06,-80.93
15230.0,0.89,-0.07,-0.75,0.07,-0.98,0.14,0.0,-80.05,-80.91
15299.0,0.87,0.06,-0.72,0.05,-0.98,0.15,0.0,-80.07,-80.93
15365.0,0.79,0.7,-0.99,0.05,-0.98,0.14,0.0,-80.11,-81.01
15431.0,0.85,0.64,-1.05,0.07,-0.99,0.14,0.0,-80.13,-81.04
15497.0,0.87,0.29,-0.88,0.06,-0.99,0.14,0.0,-80.14,-81.05
15562.0,0.85,0.13,-0.84,0.06,-0.98,0.14,0.0,-80.17,-81.1
15631.0,0.88,0.24,-0.92,0.05,-0.99,0.14,0.0,-80.18,-81.11
15696.0,0.89,0.46,-0.98,0.07,-0.98,0.14,0.0,-80.18,-81.08
15763.0,0.9,0.37,-0.89,0.06,-0.98,0.14,0.0,-80.21,-81.15
15831.0,0.85,0.32,-0.89,0.06,-0.98,0.14,0.0,-80.22,-81.15
15896.0,0.88,0.32,-0.9,0.06,-0.99,0.15,0.0,-80.21,-81.12
15963.0,0.89,0.37,-0.96,0.06,-0.99,0.15,0.0,-80.18,-81.04
16028.0,0.89,0.37,-0.93,0.06,-0.98,0.14,0.0,-80.19,-81.04
16096.0,0.81,0.31,-0.87,0.06,-0.98,0.15,0.0,-80.18,-81.0
16162.0,0.86,0.25,-0.85,0.06,-0.99,0.14,0.0,-80.2,-81.05
16228.0,0.89,0.37,-0.92,0.06,-0.99,0.14,0.0,-80.21,-81.08
16294.0,0.88,0.5,-0.95,0.06,-0.99,0.14,0.0,-80.21,-81.07
16362.0,0.86,0.5,-0.93,0.07,-0.98,0.14,0.0,-80.22,-81.06
16428.0,0.81,0.73,-0.98,0.06,-0.99,0.15,0.0,-80.21,-81.04
16494.0,0.92,0.34,-0.89,0.06,-0.99,0.14,0.0,-80.25,-81.13
16560.0,0.89,0.31,-0.83,0.06,-0.99,0.14,0.0,-80.27,-81.16
16627.0,0.89,0.26,-0.79,0.05,-0.99,0.14,0.0,-80.28,-81.17
16694.0,0.91,0.25,-0.83,0.06,-0.99,0.14,0.0,-80.3,-81.21
16759.0,0.92,0.34,-0.82,0.06,-0.99,0.14,0.0,-80.3,-81.2
16826.0,0.95,0.41,-0.88,0.06,-0.99,0.14,0.0,-80.29,-81.18
16893.0,0.92,0.37,-0.89,0.05,-0.99,0.14,0.0,-80.31,-81.22
16959.0,0.9,0.35,-0.85,0.05,-0.98,0.14,0.0,-80.32,-81.23
17026.0,0.87,0.37,-0.86,0.05,-0.99,0.14,0.0,-80.34,-81.27
17091.0,0.85,0.46,-0.89,0.05,-0.98,0.15,0.0,-80.33,-81.22
17159.0,0.85,0.33,-0.88,0.05,-0.99,0.14,0.0,-80.37,-81.29
17225.0,0.9,0.32,-0.92,0.05,-0.99,0.14,0.0,-80.38,-81.32
17291.0,0.86,0.35,-0.95,0.05,-0.99,0.14,0.0,-80.41,-81.35
17357.0,0.87,0.34,-0.92,0.05,-0.99,0.15,0.0,-80.39,-81.3
17425.0,0.89,0.36,-0.91,0.06,-0.98,0.14,0.0,-80.41,-81.32
17490.0,0.88,0.35,-0.86,0.05,-0.99,0.14,0.0,-80.4,-81.3
17557.0,0.92,0.28,-0.88,0.05,-0.99,0.14,0.0,-80.42,-81.33
17623.0,0.89,0.36,-0.91,0.05,-0.99,0.14,0.0,-80.45,-81.38
17690.0,0.87,0.3,-0.95,0.05,-0.99,0.14,0.0,-80.47,-81.41
17757.0,0.85,0.37,-0.91,0.04,-0.98,0.14,0.0,-80.47,-81.41
17822.0,0.91,0.35,-0.97,0.05,-0.99,0.14,0.0,-80.47,-81.39
17889.0,0.93,0.42,-0.98,0.06,-0.98,0.14,0.0,-80.45,-81.32
17956.0,0.98,0.35,-0.91,0.05,-0.99,0.15,0.0,-80.43,-81.29
18022.0,0.93,0.28,-0.9,0.05,-0.99,0.15,0.0,-80.43,-81.28
18088.0,0.92,0.3,-0.99,0.05,-0.99,0.15,0.0,-80.41,-81.23
18154.0,0.93,0.35,-0.97,0.05,-0.99,0.14,0.0,-80.41,-81.23
18222.0,0.92,0.36,-0.97,0.05,-0.98,0.15,0.0,-80.38,-81.16
18288.0,0.89,0.34,-0.96,0.05,-0.98,0.15,0.0,-80.37,-81.14
18354.0,0.86,0.38,-1.01,0.05,-0.98,0.15,0.0,-80.35,-81.1
18420.0,0.87,0.41,-0.97,0.05,-0.98,0.15,0.0,-80.35,-81.1
18488.0,0.9,0.39,-1.0,0.05,-0.99,0.15,0.0,-80.35,-81.1
18553.0,0.89,0.39,-0.96,0.05,-0.99,0.15,0.0,-80.35,-81.1
18620.0,0.89,0.37,-0.94,0.05,-0.99,0.14,0.0,-80.35,-81.11
18685.0,0.84,0.33,-0.95,0.05,-0.98,0.14,0.0,-80.36,-81.14
18753.0,0.89,0.34,-0.95,0.05,-0.98,0.15,0.0,-80.35,-81.11
18820.0,0.84,0.37,-0.99,0.05,-0.98,0.14,0.0,-80.38,-81.17
18885.0,0.86,0.37,-1.0,0.05,-0.99,0.14,0.0,-80.37,-81.16
18952.0,0.88,0.42,-1.02,0.06,-0.98,0.14,0.0,-80.39,-81.19
19019.0,0.85,0.41,-1.0,0.06,-0.99,0.14,0.0,-80.38,-81.18
19085.0,0.89,0.41,-0.94,0.06,-0.98,0.14,0.0,-80.39,-81.19
19151.0,0.82,0.4,-0.92,0.06,-0.98,0.14,0.0,-80.38,-81.17
19217.0,0.85,0.39,-0.92,0.06,-0.99,0.14,0.0,-80.4,-81.21
19284.0,0.85,0.36,-0.95,0.05,-0.98,0.15,0.0,-80.4,-81.19
19351.0,0.86,0.43,-0.94,0.07,-0.98,0.13,0.0,-80.41,-81.22
19417.0,0.89,0.36,-0.89,0.06,-0.98,0.14,0.0,-80.41,-81.22
19485.0,0.89,0.4,-0.91,0.06,-0.98,0.14,0.0,-80.4,-81.19
19551.0,0.85,0.36,-0.91,0.06,-0.98,0.14,0.0,-80.4,-81.19
19616.0,0.87,0.39,-0.95,0.05,-0.98,0.15,0.0,-80.39,-81.17
19683.0,0.88,0.37,-0.94,0.05,-0.99,0.15,0.0,-80.38,-81.15
19748.0,0.88,0.39,-0.9,0.06,-0.99,0.15,0.0,-80.37,-81.11
19816.0,0.83,0.45,-0.93,0.05,-0.98,0.15,0.0,-80.37,-81.12
19883.0,0.89,0.46,-0.93,0.05,-0.99,0.14,0.0,-80.38,-81.14
19948.0,0.85,0.34,-0.89,0.06,-0.99,0.14,0.0,-80.38,-81.14
20016.0,0.88,0.3,-0.9,0.05,-0.98,0.14,0.0,-80.37,-81.13
20082.0,0.89,0.39,-0.94,0.05,-0.98,0.15,0.01,-80.36,-81.11
20149.0,0.89,0.39,-0.94,0.06,-0.99,0.14,0.01,-80.36,-81.11
20214.0,0.91,0.36,-0.91,0.05,-0.99,0.15,0.02,-80.36,-81.11
20281.0,0.87,0.29,-0.89,0.05,-0.99,0.15,0.02,-80.35,-81.1
20348.0,0.87,0.33,-0.93,0.05,-0.99,0.15,0.04,-80.34,-81.06
20415.0,0.88,0.38,-0.95,0.05,-0.98,0.15,0.05,-80.33,-81.05
20481.0,0.91,0.37,-0.95,0.05,-0.98,0.15,0.07,-80.31,-81.0
20548.0,0.85,0.31,-0.92,0.05,-0.98,0.14,0.05,-80.33,-81.07
20615.0,0.86,0.39,-0.95,0.05,-0.99,0.14,0.04,-80.34,-81.1
20680.0,0.84,0.41,-0.93,0.06,-0.98,0.15,0.05,-80.32,-81.05
20749.0,0.86,0.37,-0.92,0.06,-0.98,0.15,0.08,-80.3,-81.0
20814.0,0.89,0.34,-0.93,0.05,-0.98,0.15,0.09,-80.28,-80.97
20881.0,0.85,0.38,-0.95,0.05,-0.99,0.14,0.08,-80.29,-81.0
20948.0,0.88,0.38,-0.94,0.06,-0.98,0.14,0.08,-80.29,-81.01
21015.0,0.86,0.37,-0.92,0.05,-0.98,0.15,0.09,-80.29,-81.01
21081.0,0.89,0.33,-0.92,0.05,-0.98,0.14,0.07,-80.3,-81.04
21147.0,0.87,0.37,-0.92,0.05,-0.98,0.15,0.07,-80.31,-81.06
21213.0,0.85,0.39,-0.94,0.05,-0.98,0.15,0.07,-80.31,-81.06
21281.0,0.86,0.4,-0.94,0.05,-0.98,0.15,0.09,-80.28,-81.01
21347.0,0.85,0.37,-0.92,0.06,-0.99,0.14,0.08,-80.29,-81.03
21413.0,0.86,0.38,-0.96,0.05,-0.99,0.14,0.07,-80.31,-81.06
21481.0,0.88,0.39,-0.92,0.06,-0.99,0.14,0.07,-80.3,-81.06
21548.0,0.88,0.37,-0.95,0.05,-0.98,0.15,0.08,-80.3,-81.05
21613.0,0.84,0.57,-1.1,0.05,-0.98,0.15,0.08,-80.3,-81.04
21681.0,0.82,0.23,-0.8,0.08,-0.98,0.15,-0.0,-80.22,-80.86
21747.0,0.98,0.12,-0.15,0.05,-0.98,0.14,0.0,-80.22,-80.88
21814.0,1.08,0.41,-0.27,0.02,-0.98,0.11,0.16,-80.38,-81.29
21881.0,1.24,0.85,-0.47,0.05,-0.97,0.14,0.14,-80.36,-81.25
21947.0,1.66,0.26,-0.15,0.05,-0.98,0.15,0.09,-80.31,-81.2
22013.0,1.8,-0.12,-0.05,0.03,-0.98,0.16,0.01,-80.23,-81.08
22079.0,2.13,-1.37,0.23,0.03,-0.97,0.15,-0.06,-80.15,-81.01
22146.0,2.49,-2.58,0.27,0.05,-0.96,0.15,-0.18,-80.03,-80.85
22213.0,2.56,-3.02,0.05,-0.1,-0.99,0.22,0.22,-79.63,-80.06
22280.0,2.34,-1.14,-0.3,0.02,-0.97,0.2,-0.03,-79.38,-79.64
22345.0,2.35,-1.25,0.04,-0.01,-0.98,0.25,0.37,-78.97,-78.88
22413.0,1.67,-0.01,-0.05,0.03,-0.96,0.26,-0.05,-78.55,-78.07
22479.0,1.63,1.02,1.47,0.06,-0.96,0.26,-0.44,-78.16,-77.35
22546.0,1.83,0.21,2.61,-0.07,-0.96,0.26,-0.06,-77.78,-76.72
22614.0,1.98,0.08,2.44,-0.07,-0.99,0.26,0.26,-77.46,-76.27
22679.0,1.67,1.42,2.98,-0.08,-0.98,0.25,0.55,-77.17,-75.87
22746.0,1.4,1.15,3.02,-0.17,-0.99,0.29,1.06,-76.65,-74.95
22813.0,0.55,1.33,1.79,-0.26,-0.93,0.31,1.81,-75.9,-73.43
22880.0,-0.31,1.51,1.31,-0.18,-0.93,0.29,2.23,-75.49,-72.7
22945.0,0.31,2.34,1.97,-0.18,-0.94,0.25,2.52,-75.19,-72.36
23011.0,1.12,2.74,3.82,-0.16,-0.94,0.26,2.84,-74.88,-72.03
23077.0,1.49,3.47,5.09,-0.23,-0.97,0.27,3.29,-74.43,-71.42
23145.0,1.69,4.92,5.48,-0.26,-1.03,0.23,3.62,-74.09,-71.12
23212.0,0.2,5.4,6.7,-0.36,-0.94,0.09,4.02,-73.7,-70.53
23277.0,5.14,13.18,9.01,-0.44,-1.33,-0.14,4.51,-73.21,-70.17
23345.0,-1.6,4.89,14.48,0.01,-1.84,1.15,3.55,-72.25,-68.11
23411.0,-18.84,-0.59,12.16,-0.72,-0.37,0.35,5.7,-70.1,-61.81
23477.0,-6.35,1.01,-7.93,-0.01,-0.34,-0.02,4.21,-71.59,-65.66
23543.0,-3.6,-4.75,-19.57,-0.32,-0.44,0.1,5.34,-70.46,-63.33
23609.0,0.37,-8.27,-30.35,-0.25,-0.63,0.11,5.61,-70.2,-63.51
23676.0,6.81,-3.56,-39.76,-0.28,-1.2,0.06,5.58,-70.22,-64.89
23743.0,8.16,-1.12,-36.86,-0.34,-1.47,0.25,5.84,-69.96,-65.6
23809.0,3.74,-12.63,-17.56,0.12,-1.18,0.28,5.68,-70.13,-66.76
23876.0,-6.17,-0.63,3.52,0.14,-1.03,0.25,4.99,-70.81,-68.14
23943.0,-2.6,-4.08,15.26,0.94,-0.83,0.55,2.81,-68.63,-63.07
24008.0,-0.24,6.08,7.32,0.53,-1.25,-0.62,2.0,-67.82,-61.75
24077.0,-3.25,-5.91,7.91,0.09,-0.77,0.68,0.85,-66.67,-59.4
24142.0,10.4,4.37,5.46,-0.11,-1.17,-0.09,1.35,-67.16,-62.28
24209.0,3.49,5.49,3.59,0.1,-0.93,0.29,1.45,-67.27,-63.35
24274.0,1.82,2.86,4.7,0.05,-0.97,0.22,2.01,-67.83,-65.2
24341.0,1.64,4.6,5.82,0.14,-0.95,0.24,2.33,-68.15,-66.35
24409.0,-0.07,-0.65,7.82,-0.05,-1.01,0.24,2.93,-68.75,-67.91
24475.0,-4.25,0.65,8.9,-0.28,-1.1,0.19,3.49,-69.31,-68.9
24541.0,-1.94,2.82,11.69,0.09,-1.22,0.24,4.23,-70.05,-70.48
24608.0,3.27,11.82,15.46,0.25,-1.63,0.27,4.54,-70.36,-71.42
24675.0,-8.86,10.63,17.23,-0.04,-1.03,0.56,4.6,-70.31,-70.34
24740.0,-6.08,-5.2,5.79,-0.73,-0.25,0.05,7.82,-67.08,-62.27
24807.0,-9.9,-11.84,-8.44,-0.17,-0.36,0.01,7.4,-67.5,-62.85
24872.0,-3.33,-12.89,-18.63,-0.35,-0.61,0.19,7.93,-66.97,-61.83
24941.0,-0.68,-12.48,-27.69,-0.2,-0.79,0.2,7.68,-67.23,-62.9
25007.0,7.44,-11.8,-35.27,-0.21,-1.35,0.26,7.52,-67.38,-64.39
25072.0,7.06,-7.87,-37.22,-0.35,-1.44,0.29,7.59,-67.31,-65.14
25141.0,-0.82,3.48,-11.6,-0.42,-0.96,0.29,7.91,-67.0,-64.54
25206.0,8.2,-14.36,14.61,0.68,-1.0,0.23,6.49,-65.58,-62.21
25273.0,-13.05,-22.39,11.3,-0.18,-1.33,0.14,8.29,-67.39,-65.65
25341.0,13.43,5.47,7.35,-0.51,-1.17,0.25,9.36,-66.32,-64.54
25407.0,3.54,-5.59,5.84,-0.17,-1.05,0.28,9.15,-66.53,-65.53
25474.0,-1.79,0.24,4.44,0.16,-0.93,0.21,8.48,-67.2,-67.02
25541.0,2.35,3.13,7.72,0.15,-0.97,0.16,7.94,-67.74,-68.49
25608.0,3.68,-0.53,8.92,-0.14,-1.03,0.21,7.56,-68.12,-69.62
25673.0,-0.4,-1.35,7.22,-0.21,-1.09,0.26,7.2,-68.48,-70.22
25741.0,1.35,2.9,6.75,-0.16,-1.07,0.29,7.0,-68.68,-70.61
25807.0,4.98,8.49,6.53,-0.11,-1.14,0.17,6.53,-69.15,-71.92
25873.0,-4.94,6.9,12.15,0.18,-1.27,0.38,6.06,-69.62,-72.27
25939.0,-10.97,2.98,16.05,0.2,-1.56,0.39,5.04,-70.64,-73.37
26005.0,-3.3,-5.1,12.25,-0.47,-0.52,0.19,6.58,-69.1,-69.18
26073.0,-7.89,-1.47,-3.99,0.08,-0.23,-0.22,5.34,-67.86,-65.55
26139.0,1.11,-7.55,-14.82,-0.4,-0.47,-0.04,6.68,-66.52,-62.75
26205.0,5.24,-5.02,-25.34,-0.33,-0.75,-0.03,7.03,-66.17,-62.8
26272.0,10.47,-5.63,-33.83,-0.41,-1.19,0.05,7.34,-65.86,-63.38
26339.0,16.88,2.83,-32.63,-0.57,-1.25,0.25,8.58,-64.62,-62.28
26405.0,6.31,16.14,-30.33,-0.11,-1.11,0.17,7.89,-65.31,-64.67
26473.0,1.26,14.11,-8.45,0.01,-1.24,0.2,6.9,-66.3,-67.16
26539.0,-1.76,7.95,8.27,1.23,-0.81,0.73,4.42,-63.83,-61.09
26605.0,3.6,12.88,1.59,0.53,-1.35,-0.47,4.08,-63.49,-60.91
26671.0,-7.18,-3.13,7.21,-0.14,-0.78,0.46,3.98,-63.6,-60.77
26737.0,-2.69,5.85,7.12,0.21,-0.83,0.24,3.46,-64.11,-62.05
26805.0,4.82,4.57,6.05,0.03,-0.99,0.25,2.94,-64.64,-63.93
26871.0,1.5,5.42,5.75,0.07,-0.95,0.25,2.34,-65.24,-65.53
26937.0,1.21,4.11,5.18,-0.02,-0.94,0.29,1.89,-65.69,-66.63
27005.0,1.84,6.63,5.24,-0.04,-0.94,0.35,1.75,-65.83,-67.02
27071.0,0.92,4.86,5.75,-0.18,-0.93,0.26,1.41,-66.16,-67.74
27138.0,-1.8,-0.12,6.73,-0.27,-1.02,0.34,1.23,-66.35,-67.82
27205.0,-1.2,4.57,7.6,-0.15,-1.11,0.25,0.53,-67.04,-69.18
27271.0,1.73,7.14,11.55,0.19,-1.49,0.21,-0.22,-67.8,-70.85
27337.0,10.12,10.05,14.81,-0.01,-1.75,0.69,0.33,-67.24,-70.09
27403.0,-4.64,8.98,16.08,-0.15,-0.54,0.26,0.48,-67.1,-69.02
27469.0,0.8,-2.28,-3.02,-0.18,-0.35,0.28,2.0,-65.58,-65.32
27537.0,-3.24,-9.78,-19.14,-0.16,-0.37,0.03,1.71,-65.87,-65.73
27603.0,-0.56,-10.31,-29.85,-0.2,-0.68,0.14,1.37,-66.2,-66.48
27669.0,0.46,-3.47,-40.53,-0.27,-1.07,0.24,1.03,-66.55,-67.29
27737.0,3.75,-3.57,-42.04,-1.09,-1.77,0.46,2.0,-65.58,-65.29
27803.0,16.48,11.63,-16.0,-0.03,-1.27,0.15,1.82,-65.76,-67.24
27869.0,2.56,-19.92,23.57,0.4,-0.92,-0.56,0.78,-64.73,-64.89
27937.0,-11.13,-16.37,15.11,-0.34,-1.06,0.82,1.09,-64.42,-63.14
28003.0,4.44,5.88,4.81,-0.6,-1.29,0.13,1.36,-64.15,-63.04
28069.0,3.73,-1.7,8.15,-0.22,-1.05,0.25,1.0,-64.51,-64.34
28137.0,-3.72,-5.96,5.43,-0.01,-0.98,0.34,0.31,-65.2,-65.64
28201.0,0.54,0.44,8.97,0.09,-0.88,0.24,-0.24,-65.75,-66.91
28269.0,5.51,2.33,9.02,-0.13,-0.96,0.21,-0.58,-66.09,-68.07
28336.0,3.25,5.15,6.2,-0.19,-1.03,0.19,-1.04,-66.55,-69.21
28401.0,0.92,2.62,7.55,-0.07,-1.1,0.3,-1.54,-67.05,-70.17
28469.0,3.42,7.17,11.69,0.07,-1.38,0.41,-1.76,-67.27,-70.64
28535.0,1.6,16.82,15.55,0.4,-1.73,0.56,-1.71,-67.22,-70.32
28601.0,-17.24,-3.73,21.19,-0.23,-0.77,0.42,-2.11,-67.62,-69.42
28668.0,-3.15,-1.68,3.15,-0.16,-0.26,0.18,-0.83,-66.34,-65.95
28735.0,1.24,-6.82,-15.78,-0.22,-0.33,-0.09,0.09,-65.42,-63.96
28801.0,-1.37,-8.14,-27.73,-0.21,-0.56,0.04,-0.27,-65.78,-64.85
28867.0,1.28,-2.09,-37.95,-0.22,-1.01,0.24,-0.64,-66.15,-65.95
28933.0,12.93,-3.53,-42.38,-0.49,-1.64,0.49,0.07,-65.44,-65.41
29001.0,13.4,20.26,-31.63,-0.37,-1.31,0.45,0.88,-64.63,-64.75
29067.0,-0.79,2.39,11.45,0.11,-1.14,0.01,-0.56,-66.07,-68.05
29133.0,13.24,-20.51,10.31,0.08,-1.82,-0.15,-1.07,-66.58,-70.14
29201.0,-21.59,0.22,11.1,-0.14,-0.72,0.36,-2.1,-67.61,-70.2
29267.0,-0.98,6.62,8.56,0.36,-0.74,0.0,-2.28,-67.43,-69.41
29334.0,1.15,3.29,5.52,0.16,-0.98,-0.05,-1.45,-68.26,-71.24
29402.0,7.58,4.98,8.11,0.09,-0.97,0.16,-1.14,-68.57,-72.33
29468.0,5.31,2.94,7.44,-0.14,-0.95,0.22,-1.05,-68.65,-72.62
29534.0,2.65,4.55,5.3,-0.27,-0.98,0.3,-0.84,-68.44,-71.92
29601.0,0.75,2.13,6.79,-0.19,-1.05,0.31,-0.95,-68.56,-71.89
29668.0,-2.14,4.14,7.79,-0.16,-1.08,0.26,-1.48,-69.08,-72.57
29734.0,1.48,8.13,11.11,-0.03,-1.31,0.27,-2.04,-69.64,-73.63
29802.0,0.39,11.37,14.47,-0.01,-1.59,0.28,-2.73,-70.34,-74.87
29867.0,-10.24,-4.07,15.84,-0.39,-0.7,0.51,-1.75,-69.36,-71.18
29934.0,-7.82,2.13,1.34,-0.41,-0.3,0.5,0.87,-66.74,-64.19
30002.0,-0.59,-1.76,-12.1,-0.24,-0.39,0.07,1.54,-66.07,-62.87
30066.0,-1.29,-6.56,-21.47,-0.34,-0.71,0.14,1.69,-65.91,-62.77
30134.0,-2.98,-10.54,-28.11,-0.27,-0.97,0.22,1.2,-66.41,-64.02
30200.0,8.67,-13.0,-30.25,-0.29,-1.22,0.32,1.46,-66.14,-64.46
30266.0,8.91,-3.81,-24.92,-0.4,-1.41,0.2,1.57,-66.04,-65.18
30333.0,4.05,-8.24,-12.15,-0.32,-1.12,0.21,1.46,-66.14,-65.9
30400.0,3.57,-9.91,3.41,-0.09,-1.08,-0.07,0.43,-67.18,-68.68
30466.0,1.21,-1.72,13.17,1.01,-0.84,0.02,-1.58,-65.17,-63.93
30534.0,-0.34,-11.44,10.33,-0.25,-1.31,0.63,-1.43,-65.01,-63.69
30600.0,6.91,6.46,7.4,-0.07,-1.08,0.02,-2.45,-66.04,-66.87
30666.0,3.47,-0.47,5.63,-0.28,-1.05,0.3,-2.44,-66.02,-67.05
30734.0,2.22,-1.34,4.63,-0.06,-0.97,0.22,-3.07,-66.66,-68.62
30798.0,2.75,-1.53,5.5,-0.11,-0.98,0.17,-3.74,-67.33,-70.23
30867.0,0.21,-1.32,5.17,-0.22,-1.0,0.19,-4.18,-67.76,-70.94
30935.0,-0.42,-1.0,4.45,-0.26,-0.97,0.19,-4.46,-68.05,-71.22
30999.0,-0.3,1.56,4.37,-0.14,-1.07,0.19,-5.13,-68.72,-72.43
31067.0,-1.4,1.87,7.22,-0.06,-1.1,0.27,-5.72,-69.3,-73.27
31132.0,-1.72,4.28,11.39,0.07,-1.36,0.21,-6.62,-70.21,-74.8
31199.0,-4.53,5.54,13.37,-0.38,-1.41,0.47,-6.64,-70.23,-73.96
31266.0,-4.14,3.18,12.32,-0.45,-0.74,0.19,-5.95,-69.54,-71.58
31333.0,1.03,-3.03,-1.33,0.02,-0.55,0.11,-6.53,-70.12,-72.82
31398.0,0.9,-11.01,-12.2,-0.31,-0.5,0.12,-5.49,-69.08,-70.19
31467.0,-2.48,-12.45,-22.3,-0.19,-0.7,0.15,-5.76,-69.35,-70.5
31531.0,3.35,-15.55,-30.73,-0.17,-1.09,0.2,-6.06,-69.65,-71.37
31599.0,8.12,-11.48,-32.79,-0.31,-1.31,0.35,-5.62,-69.21,-70.9
31667.0,1.96,0.85,-28.82,-0.25,-1.31,0.28,-5.84,-69.43,-71.41
31731.0,0.63,5.26,-8.18,-0.48,-1.13,0.18,-5.52,-69.1,-70.51
31799.0,3.4,-11.23,9.77,0.81,-1.03,-0.47,-7.24,-67.38,-66.65
31866.0,3.95,-11.01,11.4,-0.16,-1.26,0.52,-6.93,-67.07,-66.38
31932.0,10.52,-1.86,6.9,-0.49,-1.17,0.2,-6.17,-66.31,-65.63
32000.0,4.4,-6.27,8.02,-0.26,-1.03,0.35,-5.95,-66.09,-65.59
32067.0,-7.62,-1.99,4.18,0.14,-0.97,0.26,-6.92,-67.06,-67.24
32132.0,-1.07,-1.79,7.22,0.0,-0.95,0.19,-7.8,-67.94,-69.19
32200.0,5.6,4.69,7.12,-0.11,-0.96,0.25,-7.89,-68.03,-69.77
32268.0,1.94,3.37,4.72,-0.17,-0.99,0.25,-8.12,-68.26,-70.31
32332.0,0.02,4.59,4.89,-0.12,-0.99,0.29,-8.4,-68.55,-70.76
32400.0,5.44,10.99,6.27,-0.14,-1.03,0.25,-8.47,-68.62,-71.18
32466.0,-0.14,5.11,10.06,0.06,-1.23,0.38,-8.77,-68.91,-71.58
32533.0,2.24,13.4,13.51,0.45,-1.66,0.31,-8.82,-68.96,-71.61
32601.0,-13.19,3.11,19.54,-0.32,-1.11,0.71,-8.68,-68.83,-69.81
32666.0,-4.8,6.69,5.85,-0.87,-0.18,-0.15,-4.98,-65.12,-60.58
32733.0,-5.13,-5.34,-9.15,-0.13,-0.2,-0.05,-4.55,-64.69,-59.66
32800.0,-1.01,-5.59,-20.49,-0.33,-0.57,0.11,-4.17,-64.32,-59.26
32867.0,-4.25,-7.95,-31.47,-0.24,-0.85,0.2,-4.81,-64.96,-60.94
32932.0,2.92,-1.85,-39.69,-0.25,-1.3,0.22,-5.38,-65.53,-62.98
33000.0,10.36,6.95,-37.67,-0.59,-1.5,0.39,-4.69,-64.83,-62.57
33064.0,12.29,5.4,-12.24,-0.24,-0.97,0.34,-4.07,-64.21,-62.46
33133.0,-2.36,-4.06,11.94,1.19,-0.91,-0.1,-5.81,-62.47,-58.38
33201.0,4.92,-4.13,16.66,0.12,-1.97,-0.33,-4.91,-63.38,-61.4
33265.0,11.77,-1.84,6.08,-0.7,-1.07,0.44,-3.4,-61.87,-59.13
33334.0,3.35,-8.23,6.08,-0.05,-1.06,0.27,-4.13,-62.61,-61.44
33401.0,0.34,-2.32,4.37,0.22,-0.96,0.21,-4.8,-63.28,-63.17
33466.0,6.88,7.18,8.19,0.19,-0.95,0.24,-4.99,-63.46,-64.22
33534.0,0.62,1.46,6.11,-0.11,-0.96,0.35,-5.35,-63.83,-65.04
33602.0,1.76,3.34,4.74,-0.17,-0.96,0.26,-5.81,-64.29,-66.14
33667.0,3.81,4.73,4.82,-0.1,-1.02,0.32,-6.1,-64.58,-66.94
33734.0,0.01,5.21,6.74,-0.15,-1.07,0.25,-6.82,-65.29,-68.34
33802.0,-2.53,3.5,9.37,-0.02,-1.2,0.33,-7.64,-66.11,-69.7
33866.0,3.08,9.27,13.42,0.33,-1.61,0.31,-8.02,-66.49,-70.47
33935.0,-6.02,12.24,16.59,-0.51,-1.02,0.28,-7.97,-66.45,-69.39
34002.0,-2.08,4.53,8.16,-0.41,-0.42,0.2,-6.42,-64.89,-65.23
34066.0,-0.76,3.89,-6.06,-0.17,-0.41,-0.07,-6.55,-65.03,-65.45
34135.0,-0.71,-6.85,-17.17,-0.29,-0.52,0.07,-6.22,-64.7,-64.58
34198.0,-2.18,-8.37,-26.86,-0.22,-0.75,0.13,-6.81,-65.28,-65.76
34267.0,1.09,-5.33,-35.39,-0.21,-1.19,0.2,-7.52,-66.0,-67.48
34334.0,12.95,-1.44,-34.42,-0.37,-1.46,0.29,-7.13,-65.6,-67.58
34399.0,8.89,5.09,-20.76,-0.17,-1.06,0.3,-7.02,-65.5,-67.9
34466.0,-3.07,5.24,7.74,0.16,-0.95,-0.03,-8.25,-66.72,-70.23
34534.0,-2.24,-23.05,9.89,0.29,-1.29,0.02,-9.14,-67.62,-71.74
34598.0,-5.27,-1.5,11.18,0.34,-0.67,0.59,-10.41,-66.35,-67.85
34667.0,-0.07,6.09,8.18,0.17,-1.03,0.19,-9.71,-67.05,-69.33
34735.0,-3.42,2.53,6.11,-0.12,-0.96,0.17,-8.76,-68.0,-71.01
34799.0,4.31,2.34,6.11,0.04,-0.95,0.3,-8.72,-68.04,-71.15
34867.0,5.15,2.25,6.02,0.01,-0.98,0.25,-8.51,-68.25,-71.77
34935.0,0.87,0.22,4.63,-0.1,-0.98,0.24,-8.08,-68.68,-72.5
35000.0,2.45,2.42,4.05,-0.12,-1.0,0.21,-7.68,-69.07,-73.23
35067.0,0.9,3.76,5.55,-0.24,-0.97,0.28,-7.74,-69.02,-72.74
35135.0,-2.09,-0.07,5.34,-0.27,-0.96,0.33,-7.66,-68.95,-71.98
35200.0,-4.43,1.69,4.91,-0.26,-0.93,0.23,-7.99,-69.28,-72.04
35267.0,-2.95,3.14,6.54,-0.25,-1.03,0.26,-8.27,-69.55,-72.14
35332.0,6.8,8.48,7.81,0.02,-1.42,0.11,-8.97,-70.25,-74.1
35399.0,5.69,12.05,10.04,-0.47,-1.2,0.43,-8.04,-69.33,-72.04
35467.0,5.75,1.87,10.15,-0.57,-0.68,0.29,-6.08,-67.36,-67.68
35531.0,-8.24,4.92,0.95,-0.52,-0.34,0.0,-4.19,-65.48,-62.54
35599.0,-4.11,-2.4,-9.37,-0.33,-0.56,-0.0,-3.98,-65.27,-62.04
35666.0,-0.82,-1.69,-15.88,-0.37,-0.71,0.03,-3.84,-65.12,-62.0
35731.0,3.79,1.3,-22.11,-0.2,-0.9,-0.07,-4.43,-65.72,-64.08
35799.0,10.77,-2.15,-26.63,-0.2,-1.16,0.03,-4.8,-66.08,-66.07
35862.0,9.68,2.11,-20.85,-0.31,-1.13,0.17,-4.66,-65.95,-66.62
35930.0,2.97,-6.11,-12.29,-0.21,-1.03,0.31,-4.78,-66.06,-67.09
35997.0,-5.15,-2.68,-5.74,-0.37,-1.03,0.31,-5.04,-66.32,-67.12
36062.0,1.21,-6.73,7.01,0.26,-1.3,0.02,-5.84,-67.12,-69.02
36130.0,-0.85,2.93,6.31,0.17,-0.83,0.13,-6.47,-67.75,-70.22
36198.0,0.75,-3.6,0.91,0.03,-0.94,0.13,-7.43,-68.72,-72.28
36262.0,4.04,-0.11,0.92,0.08,-1.0,0.2,-7.82,-69.1,-73.15
36330.0,3.27,1.4,1.13,0.05,-0.97,0.28,-7.92,-69.21,-73.25
36395.0,1.16,1.31,0.25,0.03,-0.95,0.23,-8.34,-69.62,-73.88
36463.0,1.28,1.1,-1.07,0.05,-0.97,0.22,-8.77,-70.05,-74.55
36531.0,1.39,0.58,-1.33,0.1,-0.97,0.26,-8.97,-70.25,-74.67
36595.0,0.63,0.29,-1.21,0.13,-0.98,0.23,-9.26,-70.54,-74.93
36663.0,-0.81,1.58,-0.02,0.18,-0.95,0.21,-9.53,-70.81,-75.03
36731.0,0.54,0.53,1.04,0.07,-0.98,0.25,-9.8,-71.09,-75.28
36796.0,0.18,1.21,-0.82,-0.05,-0.98,0.14,-10.52,-71.81,-76.54
36864.0,0.63,1.5,-1.61,0.06,-0.96,0.22,-10.83,-72.11,-76.8
36931.0,0.98,0.91,-1.15,0.08,-0.97,0.2,-11.15,-72.44,-77.16
36996.0,0.42,1.42,-0.73,0.07,-0.97,0.2,-11.5,-72.79,-77.52
37064.0,-0.17,0.64,-0.98,0.06,-0.97,0.19,-11.93,-73.21,-78.01
37132.0,0.11,0.31,-0.94,0.08,-0.97,0.18,-12.28,-73.57,-78.34
37196.0,0.63,0.89,-0.64,0.06,-0.97,0.19,-12.58,-73.86,-78.59
37264.0,0.75,0.95,-0.65,0.05,-0.98,0.17,-12.96,-74.24,-79.05
37332.0,0.76,0.72,-0.95,0.04,-0.98,0.18,-13.28,-74.57,-79.38
37397.0,0.57,0.85,-1.44,0.04,-0.98,0.16,-13.64,-74.92,-79.76
37465.0,0.44,1.02,-1.57,0.05,-0.98,0.18,-13.92,-75.21,-79.97
37532.0,0.53,0.95,-1.18,0.1,-0.99,0.17,-14.13,-75.41,-80.01
37597.0,0.67,0.21,-0.76,0.09,-0.98,0.16,-14.36,-75.64,-80.13
37665.0,0.86,0.38,-0.8,0.05,-0.99,0.16,-14.62,-75.91,-80.36
37733.0,1.06,0.37,-0.84,0.06,-0.98,0.17,-14.81,-76.09,-80.44
37797.0,1.18,0.5,-0.81,0.04,-0.99,0.17,-15.01,-76.3,-80.58
37865.0,0.82,0.66,-0.86,0.07,-0.99,0.17,-15.18,-76.47,-80.6
37934.0,0.59,0.37,-0.82,0.06,-0.98,0.16,-15.41,-76.69,-80.77
37998.0,0.66,0.35,-0.82,0.06,-0.99,0.16,-15.61,-76.89,-80.88
38066.0,0.72,0.37,-0.79,0.08,-0.98,0.16,-15.77,-77.05,-80.91
38133.0,0.74,-0.02,-0.69,0.05,-0.99,0.18,-15.88,-77.17,-80.86
38198.0,0.63,0.33,-0.92,0.06,-0.98,0.16,-16.05,-77.34,-80.95
38266.0,0.79,-0.01,-1.08,0.06,-0.98,0.14,-16.26,-77.55,-81.14
38334.0,0.91,0.64,-1.01,0.04,-0.99,0.14,-16.49,-77.78,-81.41
38398.0,0.95,0.58,-1.13,0.04,-0.99,0.15,-16.66,-77.94,-81.51
38466.0,1.02,0.6,-1.47,0.04,-0.98,0.17,-16.74,-78.02,-81.42
38531.0,0.93,1.06,-1.39,0.1,-0.98,0.17,-16.73,-78.02,-81.15
38599.0,0.79,0.78,-1.03,0.07,-0.98,0.18,-16.75,-78.03,-80.96
38667.0,0.72,0.47,-0.96,0.06,-0.98,0.16,-16.83,-78.12,-80.93
38731.0,0.78,0.48,-0.97,0.06,-0.98,0.16,-16.93,-78.22,-80.96
38799.0,0.79,0.57,-1.08,0.08,-0.98,0.16,-17.01,-78.29,-80.94
38867.0,0.79,0.38,-0.99,0.07,-0.98,0.16,-17.09,-78.37,-80.94
38932.0,0.75,0.54,-1.02,0.07,-0.98,0.15,-17.18,-78.46,-80.96
39000.0,0.73,0.45,-0.98,0.06,-0.98,0.16,-17.24,-78.53,-80.94
39067.0,0.74,0.63,-0.86,0.08,-0.98,0.16,-17.28,-78.57,-80.87
39132.0,0.75,0.24,-0.74,0.06,-0.98,0.16,-17.35,-78.63,-80.86
39200.0,0.73,0.21,-0.83,0.07,-0.98,0.15,-17.45,-78.73,-80.94
39268.0,0.73,0.47,-0.98,0.07,-0.98,0.15,-17.52,-78.8,-80.97
39332.0,0.82,0.41,-0.96,0.07,-0.98,0.15,-17.58,-78.86,-80.97
39400.0,0.82,0.4,-0.93,0.07,-0.98,0.14,-17.67,-78.95,-81.05
39469.0,0.81,0.42,-0.95,0.06,-0.98,0.15,-17.72,-79.0,-81.03
39533.0,0.79,0.44,-0.95,0.06,-0.98,0.15,-17.79,-79.08,-81.09
39601.0,0.9,0.45,-0.92,0.07,-0.98,0.14,-17.88,-79.17,-81.19
39668.0,0.84,0.31,-0.9,0.07,-0.98,0.14,-17.96,-79.24,-81.24
39733.0,0.92,0.32,-0.89,0.06,-0.98,0.15,-18.02,-79.3,-81.27
39801.0,0.94,0.39,-0.94,0.06,-0.99,0.15,-18.07,-79.35,-81.28
39869.0,0.95,0.47,-1.0,0.07,-0.98,0.14,-18.11,-79.39,-81.28
39933.0,0.87,0.3,-0.92,0.06,-0.98,0.15,-18.14,-79.43,-81.25
40001.0,0.88,0.23,-0.94,0.06,-0.98,0.14,-18.2,-79.48,-81.28
40070.0,0.89,0.34,-0.91,0.07,-0.98,0.16,-18.19,-79.47,-81.17
40134.0,0.85,0.25,-0.85,0.06,-0.98,0.15,-18.21,-79.5,-81.14
40202.0,0.85,0.33,-0.87,0.06,-0.99,0.15,-18.26,-79.55,-81.17
40269.0,0.88,0.47,-0.94,0.06,-0.98,0.15,-18.31,-79.59,-81.2
40335.0,0.89,0.5,-0.94,0.06,-0.98,0.15,-18.33,-79.61,-81.17
40402.0,0.86,0.4,-0.9,0.06,-0.98,0.15,-18.35,-79.63,-81.14
40470.0,0.88,0.31,-0.92,0.06,-0.98,0.16,-18.33,-79.62,-81.05
40535.0,0.9,0.26,-0.93,0.06,-0.98,0.14,-18.38,-79.66,-81.09
40603.0,0.89,0.32,-0.95,0.07,-0.98,0.15,-18.37,-79.66,-81.03
40671.0,0.84,0.33,-0.89,0.06,-0.99,0.15,-18.38,-79.66,-80.99
40735.0,0.82,0.38,-0.96,0.06,-0.99,0.15,-18.41,-79.69,-81.01
40803.0,0.86,0.46,-0.98,0.06,-0.98,0.15,-18.43,-79.71,-81.0
40871.0,0.86,0.37,-0.98,0.07,-0.99,0.14,-18.46,-79.74,-81.02
40936.0,0.87,0.22,-0.96,0.06,-0.98,0.15,-18.45,-79.74,-80.97
41004.0,0.85,0.36,-0.87,0.06,-0.99,0.15,-18.45,-79.74,-80.93
41070.0,0.85,0.58,-0.93,0.06,-0.98,0.15,-18.48,-79.76,-80.95
41137.0,0.87,0.56,-0.94,0.06,-0.98,0.15,-18.48,-79.76,-80.92
41204.0,0.82,0.43,-0.9,0.07,-0.99,0.15,-18.49,-79.77,-80.9
41271.0,0.87,0.21,-0.85,0.06,-0.98,0.15,-18.49,-79.78,-80.88
41336.0,0.85,0.36,-0.85,0.06,-0.98,0.14,-18.52,-79.81,-80.93
41405.0,0.89,0.34,-0.78,0.06,-0.99,0.15,-18.54,-79.82,-80.94
41470.0,0.89,0.24,-0.74,0.06,-0.98,0.15,-18.56,-79.85,-80.96
41537.0,0.9,0.23,-0.78,0.06,-0.98,0.15,-18.57,-79.86,-80.96
41605.0,0.88,0.31,-0.85,0.05,-0.98,0.15,-18.6,-79.88,-80.99
41671.0,0.91,0.37,-0.93,0.05,-0.99,0.15,-18.61,-79.89,-80.98
41738.0,0.92,0.38,-0.99,0.04,-0.99,0.15,-18.63,-79.91,-81.01
41805.0,0.93,0.34,-1.08,0.06,-0.98,0.15,-18.63,-79.91,-80.99
41872.0,0.92,0.37,-1.04,0.06,-0.98,0.15,-18.64,-79.92,-80.99
41938.0,0.91,0.34,-0.97,0.06,-0.98,0.15,-18.62,-79.9,-80.92
42006.0,0.92,0.41,-0.96,0.06,-0.99,0.15,-18.64,-79.92,-80.94
42073.0,0.89,0.51,-1.0,0.06,-0.98,0.15,-18.62,-79.91,-80.89
42139.0,0.94,0.44,-0.95,0.06,-0.99,0.15,-18.62,-79.91,-80.88
42207.0,0.89,0.47,-0.98,0.06,-0.98,0.15,-18.62,-79.9,-80.86
42273.0,0.89,0.33,-0.88,0.06,-0.98,0.15,-18.61,-79.89,-80.83
42340.0,0.85,0.29,-0.85,0.06,-0.98,0.15,-18.61,-79.89,-80.81
42407.0,0.85,0.31,-0.86,0.05,-0.98,0.15,-18.63,-79.92,-80.85
42474.0,0.86,0.35,-0.91,0.05,-0.98,0.15,-18.64,-79.93,-80.86
42540.0,0.89,0.37,-0.95,0.06,-0.98,0.15,-18.64,-79.93,-80.85
42608.0,0.9,0.38,-0.89,0.06,-0.98,0.14,-18.67,-79.95,-80.91
42675.0,0.89,0.32,-0.91,0.05,-0.98,0.15,-18.69,-79.97,-80.93
42740.0,0.92,0.37,-0.95,0.05,-0.98,0.15,-18.67,-79.96,-80.88
42809.0,0.89,0.4,-0.95,0.06,-0.98,0.14,-18.69,-79.97,-80.92
42874.0,0.9,0.41,-0.98,0.05,-0.98,0.15,-18.68,-79.97,-80.88
42941.0,0.86,0.43,-0.97,0.05,-0.99,0.15,-18.69,-79.97,-80.89
43010.0,0.85,0.34,-0.92,0.05,-0.98,0.16,-18.67,-79.96,-80.83
43075.0,0.86,0.38,-0.95,0.05,-0.98,0.15,-18.69,-79.97,-80.86
43142.0,0.88,0.39,-0.95,0.05,-0.98,0.15,-18.69,-79.98,-80.87
43210.0,0.85,0.39,-0.95,0.06,-0.98,0.15,-18.68,-79.97,-80.83
43276.0,0.88,0.4,-0.93,0.06,-0.99,0.15,-18.68,-79.97,-80.82
43342.0,0.88,0.35,-0.93,0.05,-0.99,0.16,-18.67,-79.95,-80.78
43410.0,0.85,0.37,-0.95,0.05,-0.98,0.15,-18.67,-79.95,-80.79
43476.0,0.85,0.41,-0.95,0.05,-0.98,0.15,-18.67,-79.96,-80.78
